t,c
0.000000000000000000e+00,9.867731445312500000e+03
1.001000963151454926e-02,7.017081054687500000e+03
2.002001926302909851e-02,5.515401367187500000e+03
3.003003075718879700e-02,4.862584472656250000e+03
4.004003852605819702e-02,4.786852539062500000e+03
5.005005002021789551e-02,5.132663085937500000e+03
6.006006151437759399e-02,5.802271972656250000e+03
7.007007300853729248e-02,6.722999023437500000e+03
8.008007705211639404e-02,7.828553710937500000e+03
9.009008854627609253e-02,9.049563476562500000e+03
1.001001000404357910e-01,1.031109179687500000e+04
1.101101115345954895e-01,1.153555175781250000e+04
1.201201230287551880e-01,1.264910546875000000e+04
1.301301270723342896e-01,1.358913867187500000e+04
1.401401460170745850e-01,1.431045117187500000e+04
1.501501500606536865e-01,1.478844921875000000e+04
1.601601541042327881e-01,1.501885839843750000e+04
1.701701730489730835e-01,1.501458984375000000e+04
1.801801770925521851e-01,1.480105371093750000e+04
1.901901960372924805e-01,1.441120019531250000e+04
2.002002000808715820e-01,1.388122070312500000e+04
2.102102041244506836e-01,1.324722949218750000e+04
2.202202230691909790e-01,1.254300292968750000e+04
2.302302271127700806e-01,1.179853710937500000e+04
2.402402460575103760e-01,1.103928906250000000e+04
2.502502501010894775e-01,1.028590136718750000e+04
2.602602541446685791e-01,9.554291015625000000e+03
2.702702581882476807e-01,8.856006835937500000e+03
2.802802920341491699e-01,8.198757812500000000e+03
2.902902960777282715e-01,7.587019531250000000e+03
3.003003001213073730e-01,7.022685058593750000e+03
3.103103041648864746e-01,6.505673828125000000e+03
3.203203082084655762e-01,6.034480957031250000e+03
3.303303420543670654e-01,5.606644531250000000e+03
3.403403460979461670e-01,5.219127441406250000e+03
3.503503501415252686e-01,4.868603027343750000e+03
3.603603541851043701e-01,4.551675781250000000e+03
3.703703582286834717e-01,4.265024902343750000e+03
3.803803920745849609e-01,4.005502929687500000e+03
3.903903961181640625e-01,3.770194580078125000e+03
4.004004001617431641e-01,3.556437744140625000e+03
4.104104042053222656e-01,3.361835937500000000e+03
4.204204082489013672e-01,3.184247314453125000e+03
4.304304420948028564e-01,3.021773437500000000e+03
4.404404461383819580e-01,2.872737060546875000e+03
4.504504501819610596e-01,2.735662109375000000e+03
4.604604542255401611e-01,2.609252441406250000e+03
4.704704582691192627e-01,2.492372070312500000e+03
4.804804921150207520e-01,2.384023925781250000e+03
4.904904961585998535e-01,2.283334960937500000e+03
5.005005002021789551e-01,2.189540283203125000e+03
5.105105042457580566e-01,2.101968505859375000e+03
5.205205082893371582e-01,2.020029541015625000e+03
5.305305123329162598e-01,1.943204956054687500e+03
5.405405163764953613e-01,1.871038940429687500e+03
5.505505800247192383e-01,1.803128173828125000e+03
5.605605840682983398e-01,1.739117065429687500e+03
5.705705881118774414e-01,1.678689453125000000e+03
5.805805921554565430e-01,1.621564941406250000e+03
5.905905961990356445e-01,1.567492187500000000e+03
6.006006002426147461e-01,1.516246459960937500e+03
6.106106042861938477e-01,1.467624511718750000e+03
6.206206083297729492e-01,1.421442626953125000e+03
6.306306123733520508e-01,1.377532958984375000e+03
6.406406164169311523e-01,1.335741943359375000e+03
6.506506800651550293e-01,1.295927734375000000e+03
6.606606841087341309e-01,1.257958862304687500e+03
6.706706881523132324e-01,1.221712890625000000e+03
6.806806921958923340e-01,1.187075317382812500e+03
6.906906962394714355e-01,1.153938720703125000e+03
7.007007002830505371e-01,1.122202392578125000e+03
7.107107043266296387e-01,1.091772094726562500e+03
7.207207083702087402e-01,1.062558349609375000e+03
7.307307124137878418e-01,1.034478149414062500e+03
7.407407164573669434e-01,1.007453674316406250e+03
7.507507801055908203e-01,9.814121704101562500e+02
7.607607841491699219e-01,9.562866821289062500e+02
7.707707881927490234e-01,9.320153198242187500e+02
7.807807922363281250e-01,9.085411376953125000e+02
7.907907962799072266e-01,8.858125610351562500e+02
8.008008003234863281e-01,8.637826538085937500e+02
8.108108043670654297e-01,8.424091186523437500e+02
8.208208084106445312e-01,8.216546020507812500e+02
8.308308124542236328e-01,8.014854736328125000e+02
8.408408164978027344e-01,7.818720703125000000e+02
8.508508801460266113e-01,7.627887573242187500e+02
8.608608841896057129e-01,7.442125244140625000e+02
8.708708882331848145e-01,7.261238403320312500e+02
8.808808922767639160e-01,7.085052490234375000e+02
8.908908963203430176e-01,6.913418579101562500e+02
9.009009003639221191e-01,6.746205444335937500e+02
9.109109044075012207e-01,6.583295898437500000e+02
9.209209084510803223e-01,6.424588623046875000e+02
9.309309124946594238e-01,6.269990844726562500e+02
9.409409165382385254e-01,6.119417724609375000e+02
9.509509801864624023e-01,5.972791748046875000e+02
9.609609842300415039e-01,5.830037231445312500e+02
9.709709882736206055e-01,5.691083374023437500e+02
9.809809923171997070e-01,5.555859985351562500e+02
9.909909963607788086e-01,5.424298095703125000e+02
1.001001000404357910e+00,5.296327514648437500e+02
1.011011004447937012e+00,5.171876831054687500e+02
1.021021008491516113e+00,5.050877075195312500e+02
1.031031012535095215e+00,4.933253173828125000e+02
1.041041016578674316e+00,4.818930969238281250e+02
1.051051020622253418e+00,4.707834472656250000e+02
1.061061024665832520e+00,4.599886474609375000e+02
1.071071028709411621e+00,4.495005493164062500e+02
1.081081032752990723e+00,4.393112487792968750e+02
1.091091036796569824e+00,4.294125976562500000e+02
1.101101160049438477e+00,4.197962646484375000e+02
1.111111164093017578e+00,4.104539184570312500e+02
1.121121168136596680e+00,4.013772583007812500e+02
1.131131172180175781e+00,3.925577392578125000e+02
1.141141176223754883e+00,3.839871215820312500e+02
1.151151180267333984e+00,3.756570129394531250e+02
1.161161184310913086e+00,3.675592041015625000e+02
1.171171188354492188e+00,3.596853637695312500e+02
1.181181192398071289e+00,3.520275268554687500e+02
1.191191196441650391e+00,3.445777282714843750e+02
1.201201200485229492e+00,3.373283386230468750e+02
1.211211204528808594e+00,3.302716064453125000e+02
1.221221208572387695e+00,3.234002685546875000e+02
1.231231212615966797e+00,3.167071838378906250e+02
1.241241216659545898e+00,3.101854248046875000e+02
1.251251220703125000e+00,3.038283081054687500e+02
1.261261224746704102e+00,2.976295471191406250e+02
1.271271228790283203e+00,2.915829162597656250e+02
1.281281232833862305e+00,2.856825866699218750e+02
1.291291236877441406e+00,2.799230041503906250e+02
1.301301360130310059e+00,2.742989807128906250e+02
1.311311364173889160e+00,2.688054809570312500e+02
1.321321368217468262e+00,2.634377441406250000e+02
1.331331372261047363e+00,2.581913452148437500e+02
1.341341376304626465e+00,2.530621795654296875e+02
1.351351380348205566e+00,2.480463256835937500e+02
1.361361384391784668e+00,2.431401062011718750e+02
1.371371388435363770e+00,2.383400878906250000e+02
1.381381392478942871e+00,2.336430816650390625e+02
1.391391396522521973e+00,2.290461883544921875e+02
1.401401400566101074e+00,2.245465850830078125e+02
1.411411404609680176e+00,2.201416168212890625e+02
1.421421408653259277e+00,2.158289184570312500e+02
1.431431412696838379e+00,2.116062011718750000e+02
1.441441416740417480e+00,2.074713592529296875e+02
1.451451420783996582e+00,2.034223327636718750e+02
1.461461424827575684e+00,1.994572906494140625e+02
1.471471428871154785e+00,1.955744171142578125e+02
1.481481432914733887e+00,1.917719573974609375e+02
1.491491436958312988e+00,1.880483398437500000e+02
1.501501560211181641e+00,1.844020080566406250e+02
1.511511564254760742e+00,1.808314208984375000e+02
1.521521568298339844e+00,1.773351135253906250e+02
1.531531572341918945e+00,1.739116058349609375e+02
1.541541576385498047e+00,1.705596160888671875e+02
1.551551580429077148e+00,1.672776641845703125e+02
1.561561584472656250e+00,1.640644989013671875e+02
1.571571588516235352e+00,1.609187622070312500e+02
1.581581592559814453e+00,1.578391113281250000e+02
1.591591596603393555e+00,1.548242187500000000e+02
1.601601600646972656e+00,1.518728179931640625e+02
1.611611604690551758e+00,1.489836120605468750e+02
1.621621608734130859e+00,1.461553192138671875e+02
1.631631612777709961e+00,1.433866424560546875e+02
1.641641616821289062e+00,1.406762695312500000e+02
1.651651620864868164e+00,1.380229644775390625e+02
1.661661624908447266e+00,1.354254760742187500e+02
1.671671628952026367e+00,1.328825531005859375e+02
1.681681632995605469e+00,1.303929290771484375e+02
1.691691637039184570e+00,1.279553756713867188e+02
1.701701760292053223e+00,1.255686340332031250e+02
1.711711764335632324e+00,1.232315139770507812e+02
1.721721768379211426e+00,1.209428253173828125e+02
1.731731772422790527e+00,1.187014160156250000e+02
1.741741776466369629e+00,1.165060958862304688e+02
1.751751780509948730e+00,1.143557510375976562e+02
1.761761784553527832e+00,1.122492523193359375e+02
1.771771788597106934e+00,1.101855468750000000e+02
1.781781792640686035e+00,1.081635360717773438e+02
1.791791796684265137e+00,1.061821746826171875e+02
1.801801800727844238e+00,1.042404708862304688e+02
1.811811804771423340e+00,1.023374252319335938e+02
1.821821808815002441e+00,1.004721145629882812e+02
1.831831812858581543e+00,9.864359283447265625e+01
1.841841816902160645e+00,9.685095977783203125e+01
1.851851820945739746e+00,9.509333038330078125e+01
1.861861824989318848e+00,9.336986541748046875e+01
1.871871829032897949e+00,9.167980957031250000e+01
1.881881833076477051e+00,9.002231597900390625e+01
1.891891837120056152e+00,8.839666748046875000e+01
1.901901960372924805e+00,8.680209350585937500e+01
1.911911964416503906e+00,8.523789978027343750e+01
1.921921968460083008e+00,8.370343780517578125e+01
1.931931972503662109e+00,8.219801330566406250e+01
1.941941976547241211e+00,8.072100067138671875e+01
1.951951980590820312e+00,7.927181243896484375e+01
1.961961984634399414e+00,7.784983062744140625e+01
1.971971988677978516e+00,7.645450592041015625e+01
1.981981992721557617e+00,7.508528137207031250e+01
1.991991996765136719e+00,7.374163055419921875e+01
2.002002000808715820e+00,7.242301940917968750e+01
2.012012004852294922e+00,7.112895965576171875e+01
2.022022008895874023e+00,6.985895538330078125e+01
2.032032012939453125e+00,6.861257934570312500e+01
2.042042016983032227e+00,6.738930511474609375e+01
2.052052021026611328e+00,6.618875122070312500e+01
2.062062025070190430e+00,6.501043701171875000e+01
2.072072029113769531e+00,6.385395431518554688e+01
2.082082033157348633e+00,6.271889495849609375e+01
2.092092037200927734e+00,6.160483169555664062e+01
2.102102041244506836e+00,6.051139450073242188e+01
2.112112045288085938e+00,5.943817901611328125e+01
2.122122049331665039e+00,5.838479232788085938e+01
2.132132053375244141e+00,5.735088348388671875e+01
2.142142057418823242e+00,5.633607482910156250e+01
2.152152061462402344e+00,5.533999633789062500e+01
2.162162065505981445e+00,5.436229324340820312e+01
2.172172069549560547e+00,5.340263366699218750e+01
2.182182073593139648e+00,5.246065521240234375e+01
2.192192077636718750e+00,5.153602600097656250e+01
2.202202320098876953e+00,5.062841415405273438e+01
2.212212324142456055e+00,4.973748779296875000e+01
2.222222328186035156e+00,4.886292648315429688e+01
2.232232332229614258e+00,4.800442886352539062e+01
2.242242336273193359e+00,4.716164779663085938e+01
2.252252340316772461e+00,4.633431243896484375e+01
2.262262344360351562e+00,4.552210235595703125e+01
2.272272348403930664e+00,4.472472381591796875e+01
2.282282352447509766e+00,4.394189834594726562e+01
2.292292356491088867e+00,4.317332839965820312e+01
2.302302360534667969e+00,4.241873168945312500e+01
2.312312364578247070e+00,4.167784118652343750e+01
2.322322368621826172e+00,4.095039367675781250e+01
2.332332372665405273e+00,4.023611068725585938e+01
2.342342376708984375e+00,3.953474426269531250e+01
2.352352380752563477e+00,3.884603500366210938e+01
2.362362384796142578e+00,3.816974639892578125e+01
2.372372388839721680e+00,3.750561904907226562e+01
2.382382392883300781e+00,3.685342788696289062e+01
2.392392396926879883e+00,3.621294021606445312e+01
2.402402400970458984e+00,3.558392715454101562e+01
2.412412405014038086e+00,3.496616744995117188e+01
2.422422409057617188e+00,3.435943984985351562e+01
2.432432413101196289e+00,3.376353454589843750e+01
2.442442417144775391e+00,3.317824554443359375e+01
2.452452421188354492e+00,3.260336303710937500e+01
2.462462425231933594e+00,3.203870391845703125e+01
2.472472429275512695e+00,3.148406219482421875e+01
2.482482433319091797e+00,3.093925476074218750e+01
2.492492437362670898e+00,3.040409660339355469e+01
2.502502441406250000e+00,2.987840652465820312e+01
2.512512445449829102e+00,2.936200523376464844e+01
2.522522449493408203e+00,2.885472679138183594e+01
2.532532453536987305e+00,2.835638999938964844e+01
2.542542457580566406e+00,2.786684989929199219e+01
2.552552461624145508e+00,2.738592529296875000e+01
2.562562465667724609e+00,2.691347122192382812e+01
2.572572469711303711e+00,2.644932365417480469e+01
2.582582473754882812e+00,2.599333572387695312e+01
2.592592477798461914e+00,2.554536247253417969e+01
2.602602720260620117e+00,2.510525512695312500e+01
2.612612724304199219e+00,2.467286682128906250e+01
2.622622728347778320e+00,2.424806785583496094e+01
2.632632732391357422e+00,2.383071136474609375e+01
2.642642736434936523e+00,2.342067909240722656e+01
2.652652740478515625e+00,2.301782417297363281e+01
2.662662744522094727e+00,2.262202072143554688e+01
2.672672748565673828e+00,2.223314476013183594e+01
2.682682752609252930e+00,2.185107803344726562e+01
2.692692756652832031e+00,2.147569274902343750e+01
2.702702760696411133e+00,2.110686492919921875e+01
2.712712764739990234e+00,2.074448585510253906e+01
2.722722768783569336e+00,2.038842773437500000e+01
2.732732772827148438e+00,2.003859138488769531e+01
2.742742776870727539e+00,1.969486045837402344e+01
2.752752780914306641e+00,1.935712242126464844e+01
2.762762784957885742e+00,1.902527618408203125e+01
2.772772789001464844e+00,1.869921302795410156e+01
2.782782793045043945e+00,1.837882614135742188e+01
2.792792797088623047e+00,1.806402015686035156e+01
2.802802801132202148e+00,1.775469398498535156e+01
2.812812805175781250e+00,1.745074844360351562e+01
2.822822809219360352e+00,1.715208625793457031e+01
2.832832813262939453e+00,1.685861015319824219e+01
2.842842817306518555e+00,1.657023239135742188e+01
2.852852821350097656e+00,1.628686141967773438e+01
2.862862825393676758e+00,1.600840568542480469e+01
2.872872829437255859e+00,1.573478317260742188e+01
2.882882833480834961e+00,1.546589851379394531e+01
2.892892837524414062e+00,1.520167350769042969e+01
2.902902841567993164e+00,1.494202423095703125e+01
2.912912845611572266e+00,1.468686676025390625e+01
2.922922849655151367e+00,1.443612289428710938e+01
2.932932853698730469e+00,1.418971252441406250e+01
2.942942857742309570e+00,1.394756126403808594e+01
2.952952861785888672e+00,1.370959186553955078e+01
2.962962865829467773e+00,1.347573184967041016e+01
2.972972869873046875e+00,1.324590301513671875e+01
2.982982873916625977e+00,1.302004051208496094e+01
2.992992877960205078e+00,1.279807090759277344e+01
3.003003120422363281e+00,1.257992649078369141e+01
3.013013124465942383e+00,1.236553668975830078e+01
3.023023128509521484e+00,1.215483951568603516e+01
3.033033132553100586e+00,1.194777011871337891e+01
3.043043136596679688e+00,1.174425792694091797e+01
3.053053140640258789e+00,1.154425048828125000e+01
3.063063144683837891e+00,1.134767723083496094e+01
3.073073148727416992e+00,1.115448284149169922e+01
3.083083152770996094e+00,1.096460723876953125e+01
3.093093156814575195e+00,1.077799129486083984e+01
3.103103160858154297e+00,1.059458065032958984e+01
3.113113164901733398e+00,1.041431808471679688e+01
3.123123168945312500e+00,1.023714637756347656e+01
3.133133172988891602e+00,1.006301212310791016e+01
3.143143177032470703e+00,9.891866683959960938e+00
3.153153181076049805e+00,9.723651885986328125e+00
3.163163185119628906e+00,9.558320999145507812e+00
3.173173189163208008e+00,9.395821571350097656e+00
3.183183193206787109e+00,9.236107826232910156e+00
3.193193197250366211e+00,9.079129219055175781e+00
3.203203201293945312e+00,8.924837112426757812e+00
3.213213205337524414e+00,8.773186683654785156e+00
3.223223209381103516e+00,8.624131202697753906e+00
3.233233213424682617e+00,8.477627754211425781e+00
3.243243217468261719e+00,8.333628654479980469e+00
3.253253221511840820e+00,8.192091941833496094e+00
3.263263225555419922e+00,8.052976608276367188e+00
3.273273229598999023e+00,7.916240215301513672e+00
3.283283233642578125e+00,7.781839370727539062e+00
3.293293237686157227e+00,7.649736404418945312e+00
3.303303241729736328e+00,7.519889831542968750e+00
3.313313245773315430e+00,7.392262458801269531e+00
3.323323249816894531e+00,7.266813278198242188e+00
3.333333253860473633e+00,7.143506526947021484e+00
3.343343257904052734e+00,7.022305488586425781e+00
3.353353261947631836e+00,6.903173923492431641e+00
3.363363265991210938e+00,6.786073207855224609e+00
3.373373270034790039e+00,6.670970916748046875e+00
3.383383274078369141e+00,6.557832717895507812e+00
3.393393278121948242e+00,6.446624755859375000e+00
3.403403520584106445e+00,6.337313175201416016e+00
3.413413524627685547e+00,6.229864120483398438e+00
3.423423528671264648e+00,6.124248027801513672e+00
3.433433532714843750e+00,6.020430564880371094e+00
3.443443536758422852e+00,5.918383598327636719e+00
3.453453540802001953e+00,5.818074226379394531e+00
3.463463544845581055e+00,5.719472885131835938e+00
3.473473548889160156e+00,5.622551918029785156e+00
3.483483552932739258e+00,5.527279853820800781e+00
3.493493556976318359e+00,5.433630943298339844e+00
3.503503561019897461e+00,5.341575145721435547e+00
3.513513565063476562e+00,5.251087188720703125e+00
3.523523569107055664e+00,5.162139415740966797e+00
3.533533573150634766e+00,5.074702262878417969e+00
3.543543577194213867e+00,4.988755226135253906e+00
3.553553581237792969e+00,4.904267787933349609e+00
3.563563585281372070e+00,4.821218013763427734e+00
3.573573589324951172e+00,4.739580154418945312e+00
3.583583593368530273e+00,4.659329891204833984e+00
3.593593597412109375e+00,4.580444335937500000e+00
3.603603601455688477e+00,4.502898693084716797e+00
3.613613605499267578e+00,4.426670551300048828e+00
3.623623609542846680e+00,4.351738452911376953e+00
3.633633613586425781e+00,4.278079032897949219e+00
3.643643617630004883e+00,4.205669879913330078e+00
3.653653621673583984e+00,4.134491443634033203e+00
3.663663625717163086e+00,4.064521789550781250e+00
3.673673629760742188e+00,3.995739459991455078e+00
3.683683633804321289e+00,3.928125143051147461e+00
3.693693637847900391e+00,3.861658811569213867e+00
3.703703641891479492e+00,3.796320915222167969e+00
3.713713645935058594e+00,3.732091903686523438e+00
3.723723649978637695e+00,3.668952465057373047e+00
3.733733654022216797e+00,3.606884479522705078e+00
3.743743658065795898e+00,3.545869827270507812e+00
3.753753662109375000e+00,3.485889911651611328e+00
3.763763666152954102e+00,3.426928281784057617e+00
3.773773670196533203e+00,3.368965625762939453e+00
3.783783674240112305e+00,3.311987161636352539e+00
3.793793678283691406e+00,3.255974054336547852e+00
3.803803920745849609e+00,3.200911283493041992e+00
3.813813924789428711e+00,3.146781682968139648e+00
3.823823928833007812e+00,3.093570709228515625e+00
3.833833932876586914e+00,3.041260957717895508e+00
3.843843936920166016e+00,2.989838361740112305e+00
3.853853940963745117e+00,2.939287185668945312e+00
3.863863945007324219e+00,2.889593362808227539e+00
3.873873949050903320e+00,2.840741157531738281e+00
3.883883953094482422e+00,2.792716979980468750e+00
3.893893957138061523e+00,2.745506763458251953e+00
3.903903961181640625e+00,2.699095964431762695e+00
3.913913965225219727e+00,2.653471946716308594e+00
3.923923969268798828e+00,2.608620643615722656e+00
3.933933973312377930e+00,2.564528942108154297e+00
3.943943977355957031e+00,2.521183967590332031e+00
3.953953981399536133e+00,2.478573322296142578e+00
3.963963985443115234e+00,2.436684370040893555e+00
3.973973989486694336e+00,2.395504951477050781e+00
3.983983993530273438e+00,2.355022907257080078e+00
3.993993997573852539e+00,2.315226078033447266e+00
4.004004001617431641e+00,2.276103258132934570e+00
4.014014244079589844e+00,2.237642765045166016e+00
4.024024009704589844e+00,2.199833631515502930e+00
4.034034252166748047e+00,2.162663936614990234e+00
4.044044017791748047e+00,2.126123666763305664e+00
4.054054260253906250e+00,2.090202093124389648e+00
4.064064025878906250e+00,2.054888248443603516e+00
4.074074268341064453e+00,2.020172119140625000e+00
4.084084033966064453e+00,1.986043334007263184e+00
4.094094276428222656e+00,1.952492356300354004e+00
4.104104042053222656e+00,1.919509291648864746e+00
4.114114284515380859e+00,1.887083530426025391e+00
4.124124050140380859e+00,1.855206608772277832e+00
4.134134292602539062e+00,1.823869228363037109e+00
4.144144058227539062e+00,1.793061852455139160e+00
4.154154300689697266e+00,1.762775659561157227e+00
4.164164066314697266e+00,1.733001351356506348e+00
4.174174308776855469e+00,1.703731298446655273e+00
4.184184074401855469e+00,1.674955964088439941e+00
4.194194316864013672e+00,1.646667242050170898e+00
4.204204082489013672e+00,1.618857264518737793e+00
4.214214324951171875e+00,1.591517210006713867e+00
4.224224090576171875e+00,1.564639687538146973e+00
4.234234333038330078e+00,1.538216352462768555e+00
4.244244098663330078e+00,1.512240052223205566e+00
4.254254341125488281e+00,1.486702919006347656e+00
4.264264106750488281e+00,1.461597681045532227e+00
4.274274349212646484e+00,1.436916828155517578e+00
4.284284114837646484e+00,1.412652850151062012e+00
4.294294357299804688e+00,1.388799428939819336e+00
4.304304122924804688e+00,1.365349054336547852e+00
4.314314365386962891e+00,1.342295408248901367e+00
4.324324131011962891e+00,1.319631099700927734e+00
4.334334373474121094e+00,1.297350168228149414e+00
4.344344139099121094e+00,1.275445699691772461e+00
4.354354381561279297e+00,1.253911614418029785e+00
4.364364147186279297e+00,1.232741355895996094e+00
4.374374389648437500e+00,1.211928486824035645e+00
4.384384155273437500e+00,1.191467761993408203e+00
4.394394397735595703e+00,1.171352744102478027e+00
4.404404640197753906e+00,1.151577591896057129e+00
4.414414405822753906e+00,1.132136583328247070e+00
4.424424648284912109e+00,1.113024115562438965e+00
4.434434413909912109e+00,1.094234704971313477e+00
4.444444656372070312e+00,1.075762748718261719e+00
4.454454421997070312e+00,1.057602882385253906e+00
4.464464664459228516e+00,1.039749741554260254e+00
4.474474430084228516e+00,1.022198200225830078e+00
4.484484672546386719e+00,1.004943251609802246e+00
4.494494438171386719e+00,9.879799485206604004e-01
4.504504680633544922e+00,9.713031649589538574e-01
4.514514446258544922e+00,9.549079537391662598e-01
4.524524688720703125e+00,9.387897253036499023e-01
4.534534454345703125e+00,9.229438304901123047e-01
4.544544696807861328e+00,9.073656201362609863e-01
4.554554462432861328e+00,8.920504450798034668e-01
4.564564704895019531e+00,8.769940733909606934e-01
4.574574470520019531e+00,8.621919751167297363e-01
4.584584712982177734e+00,8.476400375366210938e-01
4.594594478607177734e+00,8.333337903022766113e-01
4.604604721069335938e+00,8.192690610885620117e-01
4.614614486694335938e+00,8.054418563842773438e-01
4.624624729156494141e+00,7.918482422828674316e-01
4.634634494781494141e+00,7.784842848777770996e-01
4.644644737243652344e+00,7.653457522392272949e-01
4.654654502868652344e+00,7.524293661117553711e-01
4.664664745330810547e+00,7.397308349609375000e-01
4.674674510955810547e+00,7.272468805313110352e-01
4.684684753417968750e+00,7.149736881256103516e-01
4.694694519042968750e+00,7.029078602790832520e-01
4.704704761505126953e+00,6.910457611083984375e-01
4.714714527130126953e+00,6.793838739395141602e-01
4.724724769592285156e+00,6.679188609123229980e-01
4.734734535217285156e+00,6.566474437713623047e-01
4.744744777679443359e+00,6.455664038658142090e-01
4.754754543304443359e+00,6.346724629402160645e-01
4.764764785766601562e+00,6.239624619483947754e-01
4.774774551391601562e+00,6.134331822395324707e-01
4.784784793853759766e+00,6.030817627906799316e-01
4.794794559478759766e+00,5.929049849510192871e-01
4.804804801940917969e+00,5.829001665115356445e-01
4.814815044403076172e+00,5.730641484260559082e-01
4.824824810028076172e+00,5.633942484855651855e-01
4.834835052490234375e+00,5.538876056671142578e-01
4.844844818115234375e+00,5.445414185523986816e-01
4.854855060577392578e+00,5.353528857231140137e-01
4.864864826202392578e+00,5.263195633888244629e-01
4.874875068664550781e+00,5.174387693405151367e-01
4.884884834289550781e+00,5.087078213691711426e-01
4.894895076751708984e+00,5.001242160797119141e-01
4.904904842376708984e+00,4.916855394840240479e-01
4.914915084838867188e+00,4.833893775939941406e-01
4.924924850463867188e+00,4.752331972122192383e-01
4.934935092926025391e+00,4.672146141529083252e-01
4.944944858551025391e+00,4.593314826488494873e-01
4.954955101013183594e+00,4.515813589096069336e-01
4.964964866638183594e+00,4.439620375633239746e-01
4.974975109100341797e+00,4.364714026451110840e-01
4.984984874725341797e+00,4.291070997714996338e-01
4.994995117187500000e+00,4.218672215938568115e-01
5.005004882812500000e+00,4.147493839263916016e-01
5.015015125274658203e+00,4.077517986297607422e-01
5.025024890899658203e+00,4.008722305297851562e-01
5.035035133361816406e+00,3.941087722778320312e-01
5.045044898986816406e+00,3.874595463275909424e-01
5.055055141448974609e+00,3.809224665164947510e-01
5.065064907073974609e+00,3.744957447052001953e-01
5.075075149536132812e+00,3.681774735450744629e-01
5.085084915161132812e+00,3.619658052921295166e-01
5.095095157623291016e+00,3.558590114116668701e-01
5.105104923248291016e+00,3.498552739620208740e-01
5.115115165710449219e+00,3.439527750015258789e-01
5.125124931335449219e+00,3.381499052047729492e-01
5.135135173797607422e+00,3.324449658393859863e-01
5.145144939422607422e+00,3.268363773822784424e-01
5.155155181884765625e+00,3.213223516941070557e-01
5.165164947509765625e+00,3.159014582633972168e-01
5.175175189971923828e+00,3.105719983577728271e-01
5.185184955596923828e+00,3.053324222564697266e-01
5.195195198059082031e+00,3.001813292503356934e-01
5.205205440521240234e+00,2.951171100139617920e-01
5.215215206146240234e+00,2.901383638381958008e-01
5.225225448608398438e+00,2.852436602115631104e-01
5.235235214233398438e+00,2.804315388202667236e-01
5.245245456695556641e+00,2.757005691528320312e-01
5.255255222320556641e+00,2.710494995117187500e-01
5.265265464782714844e+00,2.664769291877746582e-01
5.275275230407714844e+00,2.619814574718475342e-01
5.285285472869873047e+00,2.575617730617523193e-01
5.295295238494873047e+00,2.532167732715606689e-01
5.305305480957031250e+00,2.489450573921203613e-01
5.315315246582031250e+00,2.447453886270523071e-01
5.325325489044189453e+00,2.406166046857833862e-01
5.335335254669189453e+00,2.365574687719345093e-01
5.345345497131347656e+00,2.325668483972549438e-01
5.355355262756347656e+00,2.286435216665267944e-01
5.365365505218505859e+00,2.247864454984664917e-01
5.375375270843505859e+00,2.209944427013397217e-01
5.385385513305664062e+00,2.172664105892181396e-01
5.395395278930664062e+00,2.136012613773345947e-01
5.405405521392822266e+00,2.099979370832443237e-01
5.415415287017822266e+00,2.064554542303085327e-01
5.425425529479980469e+00,2.029727101325988770e-01
5.435435295104980469e+00,1.995487213134765625e-01
5.445445537567138672e+00,1.961825191974639893e-01
5.455455303192138672e+00,1.928731203079223633e-01
5.465465545654296875e+00,1.896195262670516968e-01
5.475475311279296875e+00,1.864208430051803589e-01
5.485485553741455078e+00,1.832761466503143311e-01
5.495495319366455078e+00,1.801844984292984009e-01
5.505505561828613281e+00,1.771449744701385498e-01
5.515515327453613281e+00,1.741567701101303101e-01
5.525525569915771484e+00,1.712189614772796631e-01
5.535535335540771484e+00,1.683307141065597534e-01
5.545545578002929688e+00,1.654912084341049194e-01
5.555555343627929688e+00,1.626996099948883057e-01
5.565565586090087891e+00,1.599550843238830566e-01
5.575575351715087891e+00,1.572568565607070923e-01
5.585585594177246094e+00,1.546041518449783325e-01
5.595595359802246094e+00,1.519962400197982788e-01
5.605605602264404297e+00,1.494323015213012695e-01
5.615615844726562500e+00,1.469116061925888062e-01
5.625625610351562500e+00,1.444334387779235840e-01
5.635635852813720703e+00,1.419970840215682983e-01
5.645645618438720703e+00,1.396018266677856445e-01
5.655655860900878906e+00,1.372469961643218994e-01
5.665665626525878906e+00,1.349318623542785645e-01
5.675675868988037109e+00,1.326557993888854980e-01
5.685685634613037109e+00,1.304181367158889771e-01
5.695695877075195312e+00,1.282182186841964722e-01
5.705705642700195312e+00,1.260554343461990356e-01
5.715715885162353516e+00,1.239290982484817505e-01
5.725725650787353516e+00,1.218386515974998474e-01
5.735735893249511719e+00,1.197834685444831848e-01
5.745745658874511719e+00,1.177629530429840088e-01
5.755755901336669922e+00,1.157765239477157593e-01
5.765765666961669922e+00,1.138236001133918762e-01
5.775775909423828125e+00,1.119036376476287842e-01
5.785785675048828125e+00,1.100160703063011169e-01
5.795795917510986328e+00,1.081603318452835083e-01
5.805805683135986328e+00,1.063358783721923828e-01
5.815815925598144531e+00,1.045422255992889404e-01
5.825825691223144531e+00,1.027788072824478149e-01
5.835835933685302734e+00,1.010451465845108032e-01
5.845845699310302734e+00,9.934074431657791138e-02
5.855855941772460938e+00,9.766508638858795166e-02
5.865865707397460938e+00,9.601768851280212402e-02
5.875875949859619141e+00,9.439808130264282227e-02
5.885885715484619141e+00,9.280580282211303711e-02
5.895895957946777344e+00,9.124039858579635620e-02
5.905905723571777344e+00,8.970137685537338257e-02
5.915915966033935547e+00,8.818831294775009155e-02
5.925925731658935547e+00,8.670079708099365234e-02
5.935935974121093750e+00,8.523835241794586182e-02
5.945945739746093750e+00,8.380059152841567993e-02
5.955955982208251953e+00,8.238708227872848511e-02
5.965965747833251953e+00,8.099740743637084961e-02
5.975975990295410156e+00,7.963116466999053955e-02
5.985985755920410156e+00,7.828798145055770874e-02
5.995995998382568359e+00,7.696745544672012329e-02
6.006006240844726562e+00,7.566920667886734009e-02
6.016016006469726562e+00,7.439287006855010986e-02
6.026026248931884766e+00,7.313804328441619873e-02
6.036036014556884766e+00,7.190439850091934204e-02
6.046046257019042969e+00,7.069155573844909668e-02
6.056056022644042969e+00,6.949917227029800415e-02
6.066066265106201172e+00,6.832690536975860596e-02
6.076076030731201172e+00,6.717441231012344360e-02
6.086086273193359375e+00,6.604135781526565552e-02
6.096096038818359375e+00,6.492742151021957397e-02
6.106106281280517578e+00,6.383226066827774048e-02
6.116116046905517578e+00,6.275558471679687500e-02
6.126126289367675781e+00,6.169706955552101135e-02
6.136136054992675781e+00,6.065640226006507874e-02
6.146146297454833984e+00,5.963330343365669250e-02
6.156156063079833984e+00,5.862745642662048340e-02
6.166166305541992188e+00,5.763857439160346985e-02
6.176176071166992188e+00,5.666637793183326721e-02
6.186186313629150391e+00,5.571057647466659546e-02
6.196196079254150391e+00,5.477089062333106995e-02
6.206206321716308594e+00,5.384705215692520142e-02
6.216216087341308594e+00,5.293881148099899292e-02
6.226226329803466797e+00,5.204587429761886597e-02
6.236236095428466797e+00,5.116801336407661438e-02
6.246246337890625000e+00,5.030494555830955505e-02
6.256256103515625000e+00,4.945644363760948181e-02
6.266266345977783203e+00,4.862226173281669617e-02
6.276276111602783203e+00,4.780214652419090271e-02
6.286286354064941406e+00,4.699586331844329834e-02
6.296296119689941406e+00,4.620317369699478149e-02
6.306306362152099609e+00,4.542386159300804138e-02
6.316316127777099609e+00,4.465769976377487183e-02
6.326326370239257812e+00,4.390445351600646973e-02
6.336336135864257812e+00,4.316391423344612122e-02
6.346346378326416016e+00,4.243586584925651550e-02
6.356356143951416016e+00,4.172009974718093872e-02
6.366366386413574219e+00,4.101640358567237854e-02
6.376376152038574219e+00,4.032457992434501648e-02
6.386386394500732422e+00,3.964443132281303406e-02
6.396396160125732422e+00,3.897574543952941895e-02
6.406406402587890625e+00,3.831833973526954651e-02
6.416416645050048828e+00,3.767202422022819519e-02
6.426426410675048828e+00,3.703661262989044189e-02
6.436436653137207031e+00,3.641191869974136353e-02
6.446446418762207031e+00,3.579775989055633545e-02
6.456456661224365234e+00,3.519395738840103149e-02
6.466466426849365234e+00,3.460034355521202087e-02
6.476476669311523438e+00,3.401674330234527588e-02
6.486486434936523438e+00,3.344298526644706726e-02
6.496496677398681641e+00,3.287890926003456116e-02
6.506506443023681641e+00,3.232434019446372986e-02
6.516516685485839844e+00,3.177913278341293335e-02
6.526526451110839844e+00,3.124311380088329315e-02
6.536536693572998047e+00,3.071614168584346771e-02
6.546546459197998047e+00,3.019805438816547394e-02
6.556556701660156250e+00,2.968871034681797028e-02
6.566566467285156250e+00,2.918795123696327209e-02
6.576576709747314453e+00,2.869563922286033630e-02
6.586586475372314453e+00,2.821163460612297058e-02
6.596596717834472656e+00,2.773579955101013184e-02
6.606606483459472656e+00,2.726797945797443390e-02
6.616616725921630859e+00,2.680805511772632599e-02
6.626626491546630859e+00,2.635588496923446655e-02
6.636636734008789062e+00,2.591134235262870789e-02
6.646646499633789062e+00,2.547430247068405151e-02
6.656656742095947266e+00,2.504462935030460358e-02
6.666666507720947266e+00,2.462220937013626099e-02
6.676676750183105469e+00,2.420690841972827911e-02
6.686686515808105469e+00,2.379862032830715179e-02
6.696696758270263672e+00,2.339721657335758209e-02
6.706706523895263672e+00,2.300257422029972076e-02
6.716716766357421875e+00,2.261459454894065857e-02
6.726726531982421875e+00,2.223316393792629242e-02
6.736736774444580078e+00,2.185816131532192230e-02
6.746746540069580078e+00,2.148948423564434052e-02
6.756756782531738281e+00,2.112702652812004089e-02
6.766766548156738281e+00,2.077068202197551727e-02
6.776776790618896484e+00,2.042034827172756195e-02
6.786786556243896484e+00,2.007592096924781799e-02
6.796796798706054688e+00,1.973730698227882385e-02
6.806807041168212891e+00,1.940440014004707336e-02
6.816816806793212891e+00,1.907711289823055267e-02
6.826827049255371094e+00,1.875534281134605408e-02
6.836836814880371094e+00,1.843900419771671295e-02
6.846847057342529297e+00,1.812799647450447083e-02
6.856856822967529297e+00,1.782223582267761230e-02
6.866867065429687500e+00,1.752163469791412354e-02
6.876876831054687500e+00,1.722610183060169220e-02
6.886887073516845703e+00,1.693555340170860291e-02
6.896896839141845703e+00,1.664990559220314026e-02
6.906907081604003906e+00,1.636907458305358887e-02
6.916916847229003906e+00,1.609298214316368103e-02
6.926927089691162109e+00,1.582154631614685059e-02
6.936936855316162109e+00,1.555468980222940445e-02
6.946947097778320312e+00,1.529233437031507492e-02
6.956956863403320312e+00,1.503440085798501968e-02
6.966967105865478516e+00,1.478082500398159027e-02
6.976976871490478516e+00,1.453152205795049667e-02
6.986987113952636719e+00,1.428642030805349350e-02
6.996996879577636719e+00,1.404545735567808151e-02
7.007007122039794922e+00,1.380855496972799301e-02
7.017016887664794922e+00,1.357564982026815414e-02
7.027027130126953125e+00,1.334667485207319260e-02
7.037036895751953125e+00,1.312155835330486298e-02
7.047047138214111328e+00,1.290024071931838989e-02
7.057056903839111328e+00,1.268265582621097565e-02
7.067067146301269531e+00,1.246874313801527023e-02
7.077076911926269531e+00,1.225843746215105057e-02
7.087087154388427734e+00,1.205168105661869049e-02
7.097096920013427734e+00,1.184840872883796692e-02
7.107107162475585938e+00,1.164856646209955215e-02
7.117116928100585938e+00,1.145209372043609619e-02
7.127127170562744141e+00,1.125893462449312210e-02
7.137136936187744141e+00,1.106903422623872757e-02
7.147147178649902344e+00,1.088233664631843567e-02
7.157156944274902344e+00,1.069878786802291870e-02
7.167167186737060547e+00,1.051833573728799820e-02
7.177176952362060547e+00,1.034092530608177185e-02
7.187187194824218750e+00,1.016650814563035965e-02
7.197196960449218750e+00,9.995033033192157745e-03
7.207207202911376953e+00,9.826449677348136902e-03
7.217217445373535156e+00,9.660711511969566345e-03
7.227227210998535156e+00,9.497768245637416840e-03
7.237237453460693359e+00,9.337573312222957611e-03
7.247247219085693359e+00,9.180080145597457886e-03
7.257257461547851562e+00,9.025242179632186890e-03
7.267267227172851562e+00,8.873018436133861542e-03
7.277277469635009766e+00,8.723359555006027222e-03
7.287287235260009766e+00,8.576226420700550079e-03
7.297297477722167969e+00,8.431573398411273956e-03
7.307307243347167969e+00,8.289362303912639618e-03
7.317317485809326172e+00,8.149549365043640137e-03
7.327327251434326172e+00,8.012093603610992432e-03
7.337337493896484375e+00,7.876956835389137268e-03
7.347347259521484375e+00,7.744099944829940796e-03
7.357357501983642578e+00,7.613483350723981857e-03
7.367367267608642578e+00,7.485069800168275833e-03
7.377377510070800781e+00,7.358822505921125412e-03
7.387387275695800781e+00,7.234705146402120590e-03
7.397397518157958984e+00,7.112680003046989441e-03
7.407407283782958984e+00,6.992713082581758499e-03
7.417417526245117188e+00,6.874769926071166992e-03
7.427427291870117188e+00,6.758815608918666840e-03
7.437437534332275391e+00,6.644816603511571884e-03
7.447447299957275391e+00,6.532743107527494431e-03
7.457457542419433594e+00,6.422557868063449860e-03
7.467467308044433594e+00,6.314230617135763168e-03
7.477477550506591797e+00,6.207730621099472046e-03
7.487487316131591797e+00,6.103027611970901489e-03
7.497497558593750000e+00,6.000090390443801880e-03
7.507507324218750000e+00,5.898889619857072830e-03
7.517517566680908203e+00,5.799396429210901260e-03
7.527527332305908203e+00,5.701580084860324860e-03
7.537537574768066406e+00,5.605414975434541702e-03
7.547547340393066406e+00,5.510871298611164093e-03
7.557557582855224609e+00,5.417921580374240875e-03
7.567567348480224609e+00,5.326540675014257431e-03
7.577577590942382812e+00,5.236700177192687988e-03
7.587587356567382812e+00,5.148374475538730621e-03
7.597597599029541016e+00,5.061539821326732635e-03
7.607607841491699219e+00,4.976169671863317490e-03
7.617617607116699219e+00,4.892238415777683258e-03
7.627627849578857422e+00,4.809722770005464554e-03
7.637637615203857422e+00,4.728599451482295990e-03
7.647647857666015625e+00,4.648844245821237564e-03
7.657657623291015625e+00,4.570435732603073120e-03
7.667667865753173828e+00,4.493347369134426117e-03
7.677677631378173828e+00,4.417560528963804245e-03
7.687687873840332031e+00,4.343050997704267502e-03
7.697697639465332031e+00,4.269798751920461655e-03
7.707707881927490234e+00,4.197781905531883240e-03
7.717717647552490234e+00,4.126979038119316101e-03
7.727727890014648438e+00,4.057371057569980621e-03
7.737737655639648438e+00,3.988937474787235260e-03
7.747747898101806641e+00,3.921657800674438477e-03
7.757757663726806641e+00,3.855512710288167000e-03
7.767767906188964844e+00,3.790484275668859482e-03
7.777777671813964844e+00,3.726551309227943420e-03
7.787787914276123047e+00,3.663697047159075737e-03
7.797797679901123047e+00,3.601903561502695084e-03
7.807807922363281250e+00,3.541151992976665497e-03
7.817817687988281250e+00,3.481424879282712936e-03
7.827827930450439453e+00,3.422705223783850670e-03
7.837837696075439453e+00,3.364976495504379272e-03
7.847847938537597656e+00,3.308220766484737396e-03
7.857857704162597656e+00,3.252422437071800232e-03
7.867867946624755859e+00,3.197564976289868355e-03
7.877877712249755859e+00,3.143633482977747917e-03
7.887887954711914062e+00,3.090611193329095840e-03
7.897897720336914062e+00,3.038483671844005585e-03
7.907907962799072266e+00,2.987234853208065033e-03
7.917917728424072266e+00,2.936850301921367645e-03
7.927927970886230469e+00,2.887315815314650536e-03
7.937937736511230469e+00,2.838616725057363510e-03
7.947947978973388672e+00,2.790739061310887337e-03
7.957957744598388672e+00,2.743669087067246437e-03
7.967967987060546875e+00,2.697392599657177925e-03
7.977977752685546875e+00,2.651897026225924492e-03
7.987987995147705078e+00,2.607168629765510559e-03
7.997997760772705078e+00,2.563194837421178818e-03
8.008008003234863281e+00,2.519962377846240997e-03
8.018017768859863281e+00,2.477459143847227097e-03
8.028028488159179688e+00,2.435673261061310768e-03
8.038038253784179688e+00,2.394592156633734703e-03
8.048048019409179688e+00,2.354203490540385246e-03
8.058057785034179688e+00,2.314496319741010666e-03
8.068068504333496094e+00,2.275458537042140961e-03
8.078078269958496094e+00,2.237079432234168053e-03
8.088088035583496094e+00,2.199348062276840210e-03
8.098097801208496094e+00,2.162252785637974739e-03
8.108108520507812500e+00,2.125782892107963562e-03
8.118118286132812500e+00,2.089928369969129562e-03
8.128128051757812500e+00,2.054678509011864662e-03
8.138137817382812500e+00,2.020023530349135399e-03
8.148148536682128906e+00,1.985952490940690041e-03
8.158158302307128906e+00,1.952456310391426086e-03
8.168168067932128906e+00,1.919525209814310074e-03
8.178177833557128906e+00,1.887149643152952194e-03
8.188188552856445312e+00,1.855320297181606293e-03
8.198198318481445312e+00,1.824027393013238907e-03
8.208208084106445312e+00,1.793262781575322151e-03
8.218217849731445312e+00,1.763016451150178909e-03
8.228228569030761719e+00,1.733280252665281296e-03
8.238238334655761719e+00,1.704046153463423252e-03
8.248248100280761719e+00,1.675304723903536797e-03
8.258257865905761719e+00,1.647048280574381351e-03
8.268268585205078125e+00,1.619268441572785378e-03
8.278278350830078125e+00,1.591956824995577335e-03
8.288288116455078125e+00,1.565106213092803955e-03
8.298297882080078125e+00,1.538708456791937351e-03
8.308308601379394531e+00,1.512755756266415119e-03
8.318318367004394531e+00,1.487240893766283989e-03
8.328328132629394531e+00,1.462156418710947037e-03
8.338337898254394531e+00,1.437495113350450993e-03
8.348348617553710938e+00,1.413249410688877106e-03
8.358358383178710938e+00,1.389413140714168549e-03
8.368368148803710938e+00,1.365978037938475609e-03
8.378377914428710938e+00,1.342938630841672421e-03
8.388388633728027344e+00,1.320287818089127541e-03
8.398398399353027344e+00,1.298019080422818661e-03
8.408408164978027344e+00,1.276125898584723473e-03
8.418418884277343750e+00,1.254602335393428802e-03
8.428428649902343750e+00,1.233441638760268688e-03
8.438438415527343750e+00,1.212637405842542648e-03
8.448448181152343750e+00,1.192184630781412125e-03
8.458458900451660156e+00,1.172076561488211155e-03
8.468468666076660156e+00,1.152307610027492046e-03
8.478478431701660156e+00,1.132872188463807106e-03
8.488488197326660156e+00,1.113764708861708641e-03
8.498498916625976562e+00,1.094979466870427132e-03
8.508508682250976562e+00,1.076510990969836712e-03
8.518518447875976562e+00,1.058354042470455170e-03
8.528528213500976562e+00,1.040503382682800293e-03
8.538538932800292969e+00,1.022953772917389870e-03
8.548548698425292969e+00,1.005700090900063515e-03
8.558558464050292969e+00,9.887376800179481506e-04
8.568568229675292969e+00,9.720609523355960846e-04
8.578578948974609375e+00,9.556657169014215469e-04
8.588588714599609375e+00,9.395468514412641525e-04
8.598598480224609375e+00,9.236999321728944778e-04
8.608608245849609375e+00,9.081203606911003590e-04
8.618618965148925781e+00,8.928034803830087185e-04
8.628628730773925781e+00,8.777449838817119598e-04
8.638638496398925781e+00,8.629405638203024864e-04
8.648648262023925781e+00,8.483857382088899612e-04
8.658658981323242188e+00,8.340763743035495281e-04
8.668668746948242188e+00,8.200083393603563309e-04
8.678678512573242188e+00,8.061776752583682537e-04
8.688688278198242188e+00,7.925801910459995270e-04
8.698698997497558594e+00,7.792121614329516888e-04
8.708708763122558594e+00,7.660695118829607964e-04
8.718718528747558594e+00,7.531485753133893013e-04
8.728728294372558594e+00,7.404456846415996552e-04
8.738739013671875000e+00,7.279568817466497421e-04
8.748748779296875000e+00,7.156787905842065811e-04
8.758758544921875000e+00,7.036077440716326237e-04
8.768768310546875000e+00,6.917403661645948887e-04
8.778779029846191406e+00,6.800731061957776546e-04
8.788788795471191406e+00,6.686027045361697674e-04
8.798798561096191406e+00,6.573256687261164188e-04
8.808809280395507812e+00,6.462389137595891953e-04
8.818819046020507812e+00,6.353391217999160290e-04
8.828828811645507812e+00,6.246232078410685062e-04
8.838838577270507812e+00,6.140878540463745594e-04
8.848849296569824219e+00,6.037303828634321690e-04
8.858859062194824219e+00,5.935476510785520077e-04
8.868868827819824219e+00,5.835364572703838348e-04
8.878878593444824219e+00,5.736941820941865444e-04
8.888889312744140625e+00,5.640180315822362900e-04
8.898899078369140625e+00,5.545049789361655712e-04
8.908908843994140625e+00,5.451524048112332821e-04
8.918918609619140625e+00,5.359575152397155762e-04
8.928929328918457031e+00,5.269177490845322609e-04
8.938939094543457031e+00,5.180304870009422302e-04
8.948948860168457031e+00,5.092931678518652916e-04
8.958958625793457031e+00,5.007031722925603390e-04
8.968969345092773438e+00,4.922580556012690067e-04
8.978979110717773438e+00,4.839553148485720158e-04
8.988988876342773438e+00,4.757926508318632841e-04
8.998998641967773438e+00,4.677676770370453596e-04
9.009009361267089844e+00,4.598780651576817036e-04
9.019019126892089844e+00,4.521214868873357773e-04
9.029028892517089844e+00,4.444957594387233257e-04
9.039038658142089844e+00,4.369986418168991804e-04
9.049049377441406250e+00,4.296280094422399998e-04
9.059059143066406250e+00,4.223817377351224422e-04
9.069068908691406250e+00,4.152576148044317961e-04
9.079078674316406250e+00,4.082536906935274601e-04
9.089089393615722656e+00,4.013678699266165495e-04
9.099099159240722656e+00,3.945982025470584631e-04
9.109108924865722656e+00,3.879427094943821430e-04
9.119118690490722656e+00,3.813994990196079016e-04
9.129129409790039062e+00,3.749666502699255943e-04
9.139139175415039062e+00,3.686422714963555336e-04
9.149148941040039062e+00,3.624245582614094019e-04
9.159158706665039062e+00,3.563117352314293385e-04
9.169169425964355469e+00,3.503020270727574825e-04
9.179179191589355469e+00,3.443936584517359734e-04
9.189188957214355469e+00,3.385849413461983204e-04
9.199198722839355469e+00,3.328741586301475763e-04
9.209209442138671875e+00,3.272597386967390776e-04
9.219219207763671875e+00,3.217399935238063335e-04
9.229228973388671875e+00,3.163134097121655941e-04
9.239239692687988281e+00,3.109782410319894552e-04
9.249249458312988281e+00,3.057330904994159937e-04
9.259259223937988281e+00,3.005764447152614594e-04
9.269268989562988281e+00,2.955067611765116453e-04
9.279279708862304688e+00,2.905225555878132582e-04
9.289289474487304688e+00,2.856224309653043747e-04
9.299299240112304688e+00,2.808049612212926149e-04
9.309309005737304688e+00,2.760688075795769691e-04
9.319319725036621094e+00,2.714125148486346006e-04
9.329329490661621094e+00,2.668347442522644997e-04
9.339339256286621094e+00,2.623341570142656565e-04
9.349349021911621094e+00,2.579095598775893450e-04
9.359359741210937500e+00,2.535595558583736420e-04
9.369369506835937500e+00,2.492828934919089079e-04
9.379379272460937500e+00,2.450783795211464167e-04
9.389389038085937500e+00,2.409447624813765287e-04
9.399399757385253906e+00,2.368808491155505180e-04
9.409409523010253906e+00,2.328854607185348868e-04
9.419419288635253906e+00,2.289575204486027360e-04
9.429429054260253906e+00,2.250958059448748827e-04
9.439439773559570312e+00,2.212992258137091994e-04
9.449449539184570312e+00,2.175667323172092438e-04
9.459459304809570312e+00,2.138971467502415180e-04
9.469469070434570312e+00,2.102894650306552649e-04
9.479479789733886719e+00,2.067425812128931284e-04
9.489489555358886719e+00,2.032555785262957215e-04
9.499499320983886719e+00,1.998273655772209167e-04
9.509509086608886719e+00,1.964569673873484135e-04
9.519519805908203125e+00,1.931434235302731395e-04
9.529529571533203125e+00,1.898857590276747942e-04
9.539539337158203125e+00,1.866830425569787621e-04
9.549549102783203125e+00,1.835343573475256562e-04
9.559559822082519531e+00,1.804387866286560893e-04
9.569569587707519531e+00,1.773954136297106743e-04
9.579579353332519531e+00,1.744033797876909375e-04
9.589589118957519531e+00,1.714617683319374919e-04
9.599599838256835938e+00,1.685698225628584623e-04
9.609609603881835938e+00,1.657266402617096901e-04
9.619619369506835938e+00,1.629314065212383866e-04
9.629630088806152344e+00,1.601833064341917634e-04
9.639639854431152344e+00,1.574815833009779453e-04
9.649649620056152344e+00,1.548254222143441439e-04
9.659659385681152344e+00,1.522140664746984839e-04
9.669670104980468750e+00,1.496467302786186337e-04
9.679679870605468750e+00,1.471227151341736317e-04
9.689689636230468750e+00,1.446412788936868310e-04
9.699699401855468750e+00,1.422016939613968134e-04
9.709710121154785156e+00,1.398032618453726172e-04
9.719719886779785156e+00,1.374452549498528242e-04
9.729729652404785156e+00,1.351270329905673862e-04
9.739739418029785156e+00,1.328479265794157982e-04
9.749750137329101562e+00,1.306072663282975554e-04
9.759759902954101562e+00,1.284043682971969247e-04
9.769769668579101562e+00,1.262386504095047712e-04
9.779779434204101562e+00,1.241094287252053618e-04
9.789790153503417969e+00,1.220161429955624044e-04
9.799799919128417969e+00,1.199581602122634649e-04
9.809809684753417969e+00,1.179348619189113379e-04
9.819819450378417969e+00,1.159457096946425736e-04
9.829830169677734375e+00,1.139901141868904233e-04
9.839839935302734375e+00,1.120675005950033665e-04
9.849849700927734375e+00,1.101773013942874968e-04
9.859859466552734375e+00,1.083189927157945931e-04
9.869870185852050781e+00,1.064920361386612058e-04
9.879879951477050781e+00,1.046958932420238853e-04
9.889889717102050781e+00,1.029300328809767962e-04
9.899899482727050781e+00,1.011939675663597882e-04
9.909910202026367188e+00,9.948718070518225431e-05
9.919919967651367188e+00,9.780919936019927263e-05
9.929929733276367188e+00,9.615950693842023611e-05
9.939939498901367188e+00,9.453762322664260864e-05
9.949950218200683594e+00,9.294310439145192504e-05
9.959959983825683594e+00,9.137547749560326338e-05
9.969969749450683594e+00,8.983430598163977265e-05
9.979979515075683594e+00,8.831910236040130258e-05
9.989990234375000000e+00,8.682947373017668724e-05
1.000000000000000000e+01,8.536496898159384727e-05
